Symbol,Name,Last Sale,Net Change,% Change,Market Cap,Country,IPO Year,Volume,Sector,Industry
AAMC,Altisource Asset Management Corp Com,$26.00,0.0105,0.04%,42905512.00,United States,,3732,Finance,Real Estate
AAU,Almaden Minerals Ltd. Common Shares,$0.9786,0.0038,0.39%,117968871.00,Canada,2015,6402830,Basic Industries,Precious Metals
ACU,Acme United Corporation. Common Stock,$33.425,0.0349,0.105%,111603167.00,United States,1988,10121,Capital Goods,Industrial Machinery/Components
ACY,AeroCentury Corp. Common Stock,$10.0929,-0.1771,-1.724%,15602453.00,United States,,36922,Technology,Diversified Commercial Services
AE,Adams Resources & Energy Inc. Common Stock,$27.00,-0.11,-0.406%,114541668.00,United States,,7761,Energy,Oil Refining/Marketing
AEF,Aberdeen Emerging Markets Equity Income Fund Inc. Common Stock,$9.035,0.085,0.95%,458542314.00,United States,,20566,,
AGE,AgeX Therapeutics Inc. Common Stock,$2.5726,-0.1274,-4.719%,96963988.00,,2018,245141,Health Care,Major Pharmaceuticals
AIM,AIM ImmunoTech Inc. Common Stock,$2.71,-0.11,-3.901%,107559933.00,United States,,1328918,Health Care,Biotechnology: Biological Products (No Diagnostic Substances)
AINC,Ashford Inc. (Holding Company) Common Stock,$8.685,-0.005,-0.058%,22180813.00,United States,2014,8014,Consumer Services,Professional Services
AIRI,Air Industries Group Common Stock,$1.9057,-0.0443,-2.272%,60467394.00,United States,,865296,Capital Goods,Military/Government/Technical
AMBO,Ambow Education Holding Ltd. American Depository Shares each representing two Class A ordinary shares,$3.0965,0.0465,1.525%,71886288.00,China,,134044,Consumer Services,Other Consumer Services
AMPE,Ampio Pharmaceuticals Inc.,$2.31,0.04,1.762%,427477050.00,United States,,1760976,Health Care,Major Pharmaceuticals
AMS,American Shared Hospital Services Common Stock,$3.03,0.1294,4.461%,17455830.00,United States,,409482,Health Care,Medical Specialities
ANVS,Annovis Bio Inc. Common Stock,$20.03,-0.96,-4.574%,138329924.00,United States,2020,90727,Health Care,Major Pharmaceuticals
APT,Alpha Pro Tech Ltd. Common Stock,$18.6665,-0.2935,-1.548%,253450844.00,Canada,,268461,Health Care,Industrial Specialties
ARMP,Armata Pharmaceuticals Inc. Common Stock,$6.35,0.02,0.316%,130532969.00,United States,,13463,Health Care,Biotechnology: Biological Products (No Diagnostic Substances)
ASM,Avino Silver & Gold Mines Ltd. Common Shares (Canada),$1.405,-0.025,-1.748%,125843998.00,Canada,,1894433,Basic Industries,Precious Metals
ATNM,Actinium Pharmaceuticals Inc. (Delaware) Common Stock,$9.43,-0.04,-0.422%,128120931.00,United States,,71039,Health Care,Major Pharmaceuticals
AUMN,Golden Minerals Company Common Stock,$0.9845,0.0115,1.182%,149164206.00,United States,,4403081,Basic Industries,Precious Metals
AWX,Avalon Holdings Corporation Common Stock,$3.87,-0.04,-1.023%,14997918.00,United States,,34998,Public Utilities,Environmental Services
AXU,Alexco Resource Corp Common Shares (Canada),$2.87,0.02,0.702%,401122514.00,Canada,,292731,Basic Industries,Precious Metals
BATL,Battalion Oil Corporation Common Stock,$9.05,0.15,1.685%,146645901.00,,,6256,Energy,Oil & Gas Production
BCV,Bancroft Fund Ltd.,$35.435,0.315,0.897%,188691056.00,United States,,4383,,
BCV^A,Bancroft Fund Limited 5.375% Series A Cumulative Preferred Shares,$25.79,-0.0253,-0.098%,,United States,,1425,,
BDL,Flanigan's Enterprises Inc. Common Stock,$26.0933,0.00,0.00%,48498234.00,United States,,9,Consumer Services,Restaurants
BDR,Blonder Tongue Laboratories Inc. Common Stock,$1.9927,0.0627,3.249%,23064335.00,United States,,384809,Technology,Radio And Television Broadcasting And Communications Equipment
BGI,Birks Group Inc. Common Stock,$2.5522,0.0222,0.877%,45865282.00,Canada,,310362,Consumer Services,Consumer Specialties
BHB,Bar Harbor Bankshares Inc. Common Stock,$24.57,0.10,0.409%,366794842.00,United States,,1944,Finance,Major Banks
BIOX,Bioceres Crop Solutions Corp. Ordinary Shares,$8.53,-0.24,-2.737%,343979304.00,,2018,27822,Basic Industries,Agricultural Chemicals
BKTI,BK Technologies Corporation Common Stock,$4.05,0.04,0.998%,50673462.00,United States,,926,Technology,Radio And Television Broadcasting And Communications Equipment
BMTX,BM Technologies Inc. Common Stock,$13.97,0.35,2.57%,170438219.00,,2018,30655,Finance,Major Banks
BRBS,Blue Ridge Bankshares Inc. Common Stock,$20.40,-0.84,-3.955%,251865540.00,,,29167,Finance,Major Banks
BRG,Bluerock Residential Growth REIT Inc. Class A Common Stock,$10.80,-1.06,-8.938%,257554976.00,,2014,169437,Consumer Services,Real Estate Investment Trusts
BRG^A,Bluerock Residential Growth REIT Inc. 8.250% Series A Cumulative Redeemable Preferred Stock ($0.01 par value per share),$25.29,0.0099,0.039%,,,,3612,,
BRG^C,Bluerock Residential Growth REIT Inc. 7.625% Series C Cumulative Redeemable Preferred Stock,$25.71,0.135,0.528%,,,,1751,,
BRG^D,Bluerock Residential Growth REIT Inc. 7.125% Series D Cumulative Preferred Stock ($0.01 par value per share),$25.85,0.00,0.00%,,,,489,,
BRN,Barnwell Industries Inc. Common Stock,$3.72,-0.26,-6.533%,30791035.00,United States,,275062,Energy,Oil & Gas Production
BTG,B2Gold Corp Common shares (Canada),$5.06,0.01,0.198%,5315996421.00,Canada,,2176036,Basic Industries,Precious Metals
BTN,Ballantyne Strong Inc. Common Stock,$2.545,-0.295,-10.387%,46327073.00,United States,,316284,Miscellaneous,Industrial Machinery/Components
BWL/A,Bowl America Inc.,$10.9149,-0.0851,-0.774%,,United States,,510,,
CANF,Can-Fite Biopharma Ltd Sponsored ADR (Israel),$2.66,0.11,4.314%,41001192.00,Israel,,1985305,Health Care,Major Pharmaceuticals
CCF,Chase Corporation Common Stock,$111.07,1.58,1.443%,1049210648.00,United States,,4422,Consumer Durables,Building Products
CDOR,Condor Hospitality Trust Inc. Common Stock,$5.00,-0.08,-1.575%,60075575.00,United States,,2413,Consumer Services,Real Estate Investment Trusts
CEI,Camber Energy Inc. Common Stock,$1.9949,0.0049,0.246%,49872500.00,United States,,4812750,Energy,Oil & Gas Production
CET,Central Securities Corporation Common Stock,$35.425,0.085,0.241%,929566276.00,United States,,3288,,
CEV,Eaton Vance California Municipal Income Trust Shares of Beneficial Interest,$13.8696,0.0496,0.359%,98939832.00,United States,1999,3028,,
CHAQ,Chardan Healthcare Acquisition 2 Corp. Common Stock,$10.74,0.09,0.845%,115758996.00,,2020,15295,Finance,Business Services
CHFW,Consonance-HFW Acquisition Corp. Class A Ordinary Shares,$10.375,0.075,0.728%,123815250.00,,2021,3409,,
CIK,Credit Suisse Asset Management Income Fund Inc. Common Stock,$3.32,-0.01,-0.30%,173652364.00,United States,,330792,,
CIX,CompX International Inc. Common Stock,$14.13,0.00,0.00%,175934848.00,United States,1998,102,Capital Goods,Industrial Machinery/Components
CKX,CKX Lands Inc. Common Stock,$11.631,0.00,0.00%,22593159.00,United States,,237,Energy,Oil & Gas Production
CLM,Cornerstone Strategic Value Fund Inc. New Common Stock,$13.355,0.065,0.489%,1016596262.00,United States,1987,495392,,
CMCL,Caledonia Mining Corporation Plc Common Shares,$15.49,-0.48,-3.006%,187720568.00,Canada,,45976,Basic Industries,Precious Metals
CMT,Core Molding Technologies Inc Common Stock,$12.71,0.06,0.474%,101322506.00,United States,,3395,Consumer Non-Durables,Plastic Products
COHN,Cohen & Company Inc.,$20.002,0.572,2.944%,26689009.00,United States,,8037,Finance,Investment Bankers/Brokers/Service
CPHI,China Pharma Holdings Inc. Common Stock,$1.1101,-0.0799,-6.714%,50597866.00,China,,1311518,Health Care,Major Pharmaceuticals
CQP,Cheniere Energy Partners LP Cheniere Energy Partners LP Common Units,$39.67,0.43,1.096%,19201058444.00,United States,2007,34730,Public Utilities,Oil/Gas Transmission
CRF,Cornerstone Total Return Fund Inc. (The) Common Stock,$12.945,0.015,0.116%,520859421.00,United States,,264915,,
CRHM,CRH Medical Corporation Common Shares of Beneficial Interest,$3.85,-0.01,-0.259%,274940373.00,,2015,442565,Health Care,Medical/Nursing Services
CTEK,CynergisTek Inc. Common Stock,$2.7553,-0.1047,-3.661%,29349591.00,United States,2017,49625,Miscellaneous,Business Services
CVM,Cel-Sci Corporation Common Stock,$23.145,0.575,2.548%,920416496.00,United States,,181830,Health Care,Biotechnology: Biological Products (No Diagnostic Substances)
CVR,Chicago Rivet & Machine Co. Common Stock,$25.60,-0.10,-0.389%,24732979.00,United States,,104,Technology,Industrial Machinery/Components
CVU,CPI Aerostructures Inc. Common Stock,$5.10,0.04,0.791%,60951482.00,United States,,50728,Capital Goods,Military/Government/Technical
DHY,Credit Suisse High Yield Bond Fund Common Stock,$2.37,0.00,0.00%,245312543.00,United States,1998,408522,,
DIT,AMCON Distributing Company Common Stock,$108.9512,0.3375,0.311%,60072314.00,United States,,116,Consumer Non-Durables,Food Distributors
DLA,Delta Apparel Inc. Common Stock,$27.23,0.33,1.227%,189919992.00,United States,,38786,Consumer Non-Durables,Apparel
DMF,BNY Mellon Municipal Income Inc. Common Stock,$9.10,-0.03,-0.329%,188832262.00,United States,1988,3312,,
DNN,Denison Mines Corp Ordinary Shares (Canada),$1.115,0.1389,14.23%,756806047.00,Canada,,81304414,Basic Industries,Precious Metals
DPW,Ault Global Holdings Inc. Common Stock,$5.2899,0.2399,4.75%,146813568.00,United States,,6744660,Capital Goods,Industrial Machinery/Components
DSS,Document Security Systems Inc. Common Stock,$4.2102,0.1402,3.445%,56849817.00,United States,,5061567,Consumer Durables,Containers/Packaging
DXF,Dunxin Financial Holdings Limited American Depositary Shares,$1.6388,0.0888,5.729%,34209735.00,China,,355312,Finance,Finance: Consumer Services
DXR,Daxor Corporation Common Stock,$13.79,0.1342,0.983%,55349061.00,United States,,1465,Health Care,Medical/Dental Instruments
EAD,Wells Fargo Income Opportunities Fund Common Shares,$8.3199,-0.0301,-0.36%,504071242.00,United States,2003,81413,,
ECF,Ellsworth Growth and Income Fund Ltd.,$16.45,0.07,0.427%,217223188.00,United States,1986,30541,,
ECF^A,Ellsworth Growth and Income Fund Ltd. 5.25% Series A Cumulative Preferred Shares (Liquidation Preference $25.00 per share),$26.17,0.00,0.00%,,United States,,1,,
EIM,Eaton Vance Municipal Bond Fund Common Shares of Beneficial Interest $.01 par value,$13.63,0.01,0.073%,980721898.00,United States,2002,44829,,
ELA,Envela Corporation Common Stock,$6.5451,-0.1149,-1.725%,176222766.00,United States,,13581,Consumer Services,Consumer Specialties
ELLO,Ellomay Capital Ltd Ordinary Shares (Israel),$32.61,-1.59,-4.649%,412584785.00,Israel,,1430,Public Utilities,Electric Utilities: Central
ELMD,Electromed Inc. Common Stock,$11.81,-0.33,-2.718%,101638986.00,United States,2011,24335,Health Care,Biotechnology: Electromedical & Electrotherapeutic Apparatus
EMAN,eMagin Corporation Common Stock,$3.79,0.20,5.571%,255823492.00,United States,,1209828,Technology,Semiconductors
EMX,EMX Royalty Corporation Common Shares (Canada),$3.53,0.02,0.57%,297711234.00,Canada,,78471,Basic Industries,Precious Metals
ENSV,Enservco Corporation Common Stock,$2.7125,-0.2775,-9.281%,13949050.00,United States,,962683,Energy,Oilfield Services/Equipment
ENX,Eaton Vance New York Municipal Bond Fund Common Shares of Beneficial Interest $.01 par value,$12.475,-0.005,-0.04%,226025718.00,United States,2002,6706,,
EPM,Evolution Petroleum Corporation Inc. Common Stock,$3.35,-0.02,-0.593%,112193343.00,United States,,37808,Energy,Oil & Gas Production
EQX,Equinox Gold Corp. Common Shares,$9.77,-0.07,-0.711%,2363071600.00,Canada,,299764,Basic Industries,Precious Metals
ERC,Wells Fargo Multi-Sector Income Fund Common Stock no par value,$12.5978,-0.0822,-0.648%,354402418.00,United States,2003,21966,,
ERH,Wells Fargo Utilities and High Income Fund,$12.895,-0.055,-0.425%,119601963.00,,2004,8434,,
ESP,Espey Mfg. & Electronics Corp. Common Stock,$20.17,-0.457,-2.216%,54512108.00,United States,,1086,Capital Goods,Industrial Machinery/Components
EVBN,Evans Bancorp Inc. Common Stock,$29.84,0.33,1.118%,160662708.00,United States,,2988,Finance,Major Banks
EVI,EVI Industries Inc.  Common Stock,$43.50,0.31,0.718%,574584149.00,United States,,21638,Consumer Services,Other Consumer Services
EVM,Eaton Vance California Municipal Bond Fund Common Shares of Beneficial Interest $.01 par value,$11.7101,-0.0099,-0.084%,292686209.00,United States,2002,14811,,
EVV,Eaton Vance Limited Duration Income Fund Common Shares of Beneficial Interest,$12.618,0.028,0.222%,1465543073.00,United States,2003,93132,,
EVY,Eaton Vance New York Municipal Income Trust Shares of Beneficial Interest,$14.02,0.02,0.143%,75733629.00,United States,1999,2710,,
EXN,Excellon Resources Inc. Common Shares,$3.21,-0.08,-2.432%,102941490.00,,2020,31859,Basic Industries,Precious Metals
FAX,Aberdeen Asia-Pacific Income Fund Inc Common Stock,$4.51,-0.01,-0.221%,1117107918.00,United States,1986,128274,,
FCO,Aberdeen Global Income Fund Inc. Common Stock,$8.2007,0.0607,0.746%,71599869.00,United States,1992,16165,,
FEN,First Trust Energy Income and Growth Fund,$12.02,0.07,0.586%,237644595.00,United States,2004,37873,,
FRD,Friedman Industries Inc. Common Stock,$7.25,-0.03,-0.412%,51068522.00,United States,,2298,Capital Goods,Steel/Iron Ore
FSI,Flexible Solutions International Inc. Common Stock (CDA),$4.2623,0.1023,2.459%,52172875.00,Canada,,151148,Basic Industries,Major Chemicals
FSP,Franklin Street Properties Corp. Common Stock,$4.355,-0.085,-1.914%,467414307.00,United States,,90658,Consumer Services,Real Estate Investment Trusts
FTF,Franklin Limited Duration Income Trust Common Shares of Beneficial Interest,$9.44,0.02,0.212%,284510602.00,United States,2003,39803,,
FTSI,FTS International Inc. Class A Common Stock,$19.18,0.28,1.481%,268518581.00,United States,2020,13938,Energy,Oilfield Services/Equipment
FURY,Fury Gold Mines Limited Common Shares,$1.70,-0.09,-5.028%,200300557.00,,2020,517539,Basic Industries,Precious Metals
GAU,Galiano Gold Inc.,$1.44,0.03,2.128%,322889072.00,Canada,,500186,Basic Industries,Mining & Quarrying of Nonmetallic Minerals (No Fuels)
GBR,New Concept Energy Inc Common Stock,$7.7831,-0.9169,-10.539%,39942363.00,United States,,424139,Energy,Oil & Gas Production
GDP,Goodrich Petroleum Corporation Common Stock,$10.29,-0.21,-2.00%,130228028.00,United States,2017,8754,Energy,Oil & Gas Production
GGN,GAMCO Global Gold Natural Resources & Income Trust,$3.525,-0.005,-0.142%,581312971.00,United States,2005,159939,,
GGN^B,GAMCO Global Gold Natural Reources & Income Trust 5.00% Series B Cumulative 25.00 Liquidation Preference,$25.51,-0.056,-0.219%,,United States,,2340,,
GLDG,GoldMining Inc. Common Shares,$1.8001,0.0101,0.564%,265747312.00,,,253634,Basic Industries,Precious Metals
GLO,Clough Global Opportunities Fund Common Stock,$12.91,0.21,1.654%,416017159.00,United States,2006,60246,,
GLQ,Clough Global Equity Fund Clough Global Equity Fund Common Shares of Beneficial Interest,$16.12,0.15,0.939%,213280963.00,United States,2005,23051,,
GLU,Gabelli Global Utility Common Shares of Beneficial Ownership,$19.1702,0.1083,0.568%,103012565.00,United States,2004,2003,,
GLU^B,The Gabelli Global Utility and Income Trust Series B Cumulative Puttable and Callable Preferred Shares,$52.028,-0.042,-0.081%,,United States,,100,,
GLV,Clough Global Dividend and Income Fund Common Shares of beneficial interest,$11.3197,0.0297,0.263%,95172913.00,United States,2004,15436,,
GOED,1847 Goedeker Inc. Commom Stock,$12.20,-0.9863,-7.48%,74556640.00,United States,2020,77245,Consumer Services,Home Furnishings
GORO,Gold Resource Corporation Common Stock,$2.9884,-0.0416,-1.373%,214763446.00,United States,,495070,Basic Industries,Precious Metals
GPL,Great Panther Mining Limited Ordinary Shares (Canada),$1.0489,-0.0611,-5.505%,372074008.00,Canada,,10293886,Basic Industries,Precious Metals
GRF,Eagle Capital Growth Fund Inc. Common Stock,$7.8135,0.0635,0.819%,31834707.00,United States,,2103,,
GSAT,Globalstar Inc. Common Stock,$2.167,-0.233,-9.708%,3619768231.00,United States,2006,55041313,Consumer Services,Telecommunications Equipment
GSS,Golden Star Resources Ltd Common Stock,$3.97,0.00,0.00%,441705539.00,United States,,98529,Basic Industries,Precious Metals
GSV,Gold Standard Ventures Corporation Common Stock (Canada),$0.9195,0.0451,5.158%,289792930.00,Canada,,48241865,Basic Industries,Mining & Quarrying of Nonmetallic Minerals (No Fuels)
GTE,Gran Tierra Energy Inc. Common Stock,$1.185,0.175,17.327%,434873144.00,Canada,,44282016,Energy,Oil & Gas Production
HLM^,Hillman Group Capital Trust Preferred Stock,$25.504,0.0036,0.014%,,United States,,4088,,
HMG,HMG/Courtland Properties Inc. Common Stock,$12.05,0.00,0.00%,12137338.00,United States,,32,Consumer Services,Real Estate Investment Trusts
HNW,Pioneer Diversified High Income Trust Pioneer Diversified High Income Trust Common Shares of Beneficial Interest,$14.95,0.18,1.219%,124575211.00,United States,2007,9254,,
HUSA,Houston American Energy Corporation Common Stock,$2.80,-0.20,-6.667%,25441466.00,United States,,873954,Energy,Oil & Gas Production
HWM^,Howmet Aerospace Inc. $3.75 Preferred Stock,$77.06,-1.24,-1.584%,,United States,,1463,,
IAF,Aberdeen Australia Equity Fund Inc Common Stock,$5.52,0.03,0.546%,127658286.00,United States,,105774,,
IBIO,iBio Inc. Common Stock,$2.4602,-0.1398,-5.377%,531427632.00,United States,,6006578,Health Care,Major Pharmaceuticals
ID,PARTS iD Inc. Class A Common Stock,$8.515,-0.045,-0.526%,279917495.00,United States,2017,1815,Technology,Advertising
IGC,India Globalization Capital Inc. Common Stock,$2.715,-0.385,-12.419%,116159551.00,United States,,18164654,Technology,Electronic Components
IHT,InnSuites Hospitality Trust Shares of Beneficial Interest,$2.80,-0.02,-0.709%,25967830.00,United States,,6950,Consumer Services,Real Estate Investment Trusts
IMH,Impac Mortgage Holdings Inc. Common Stock ,$3.70,-0.08,-2.116%,78550471.00,United States,1997,10987,Consumer Services,Real Estate Investment Trusts
IMO,Imperial Oil Limited Common Stock,$20.28,-0.21,-1.025%,14887076591.00,Canada,,138222,Energy,Integrated oil Companies
INDO,Indonesia Energy Corporation Limited Ordinary Shares,$7.35,-0.11,-1.475%,54448469.00,,2019,4594,Energy,Oil & Gas Production
INFU,InfuSystems Holdings Inc. Common Stock,$19.8401,0.8601,4.532%,401502755.00,United States,,51314,Health Care,Medical/Dental Instruments
INS,Intelligent Systems Corporation Common Stock,$46.40,-5.05,-9.815%,414322675.00,United States,1992,210578,Technology,Computer Software: Prepackaged Software
INTT,inTest Corporation Common Stock,$7.78,0.20,2.639%,81916577.00,United States,1997,9414,Capital Goods,Electrical Products
INUV,Inuvo Inc.,$1.7398,-0.1002,-5.446%,203824075.00,United States,,5294505,Consumer Services,Advertising
IOR,Income Opportunity Realty Investors Inc. Common Stock,$11.26,0.00,0.00%,46934090.00,United States,,7,Consumer Services,Real Estate Investment Trusts
ISDR,Issuer Direct Corporation Common Stock,$23.9683,0.5683,2.429%,89683434.00,United States,,814,Miscellaneous,Publishing
ISR,IsoRay Inc. Common Stock (DE),$1.6711,-0.0689,-3.96%,226935134.00,United States,,4490333,Health Care,Medical/Dental Instruments
ITP,IT Tech Packaging Inc. Common Stock,$1.16,0.01,0.87%,63472455.00,China,,6241430,Consumer Durables,Containers/Packaging
ITRG,Integra Resources Corp. Common Shares,$3.45,0.035,1.025%,188398211.00,,,37184,Basic Industries,Precious Metals
JOB,GEE Group Inc. Common Stock,$1.70,0.18,11.842%,30034109.00,United States,,1150595,Technology,Diversified Commercial Services
KIQ,Kelso Technologies Inc Ordinary Shares,$1.12,-0.06,-5.085%,52830496.00,Canada,,1350808,Capital Goods,Railroads
KLR,Kaleyra Inc. Common Stock,$15.72,-0.51,-3.142%,460998133.00,United States,2018,199789,Technology,EDP Services
LCTX,Lineage Cell Therapeutics Inc. Common Stock,$2.91,0.02,0.692%,436445720.00,United States,,735927,Health Care,Biotechnology: Biological Products (No Diagnostic Substances)
LEU,Centrus Energy Corp. Class A Common Stock,$25.00,-0.57,-2.229%,300997225.00,United States,2014,41214,Basic Industries,Mining & Quarrying of Nonmetallic Minerals (No Fuels)
LGL,LGL Group Inc. (The) Common Stock,$10.84,-0.21,-1.90%,57011311.00,United States,,2521,Capital Goods,Industrial Machinery/Components
LNG,Cheniere Energy Inc. Common Stock,$67.25,-0.29,-0.429%,16965427509.00,United States,,213995,Public Utilities,Oil/Gas Transmission
LODE,Comstock Mining Inc. Common Stock,$2.1211,-0.1489,-6.559%,74197703.00,United States,,681721,Basic Industries,Precious Metals
LOV,Spark Networks Inc. American Depositary Shares (each representing one-tenth of an Ordinary Share),$7.90,-0.18,-2.228%,205849352.00,United States,2017,116587,Consumer Services,Other Consumer Services
LSF,Laird Superfood Inc. Common Stock,$55.02,-0.70,-1.256%,488296448.00,,2020,21073,Consumer Non-Durables,Packaged Foods
LXFR,Luxfer Holdings PLC Ordinary Shares,$18.30,-0.27,-1.454%,505484412.00,United Kingdom,2012,12040,Basic Industries,Major Chemicals
MAG,MAG Silver Corporation Ordinary Shares,$19.02,0.22,1.17%,1802017224.00,Canada,,348944,Basic Industries,Precious Metals
MCF,Contango Oil & Gas Company Common Stock (TX),$3.95,-0.11,-2.709%,686066115.00,United States,,707253,Energy,Oil & Gas Production
MHH,Mastech Digital Inc Common Stock,$17.565,-0.085,-0.482%,199885291.00,United States,,10533,Consumer Services,Professional Services
MLSS,Milestone Scientific Inc. Common Stock,$3.76,-0.03,-0.792%,239487443.00,United States,2015,150036,Health Care,Industrial Specialties
MMX,Maverix Metals Inc. Common Shares,$5.25,-0.05,-0.943%,737563622.00,,,66778,Basic Industries,Precious Metals
MSN,Emerson Radio Corporation Common Stock,$2.06,0.32,18.391%,43347863.00,United States,,3004943,Consumer Non-Durables,Consumer Electronics/Appliances
MTA,Metalla Royalty & Streaming Ltd. Common Shares,$10.21,0.37,3.76%,404480544.00,,,99288,Basic Industries,Precious Metals
MTNB,Matinas Biopharma Holdings Inc. Common Stock,$1.3984,-0.0316,-2.21%,279179034.00,United States,2017,1884188,Health Care,Major Pharmaceuticals
MXC,Mexco Energy Corporation Common Stock,$9.75,-1.83,-15.803%,20005694.00,United States,,79956,Energy,Oil & Gas Production
MYO,Myomo Inc. Common Stock,$13.00,0.12,0.932%,59563244.00,United States,2017,35169,Health Care,Industrial Specialties
NAK,Northern Dynasty Minerals Ltd. Common Stock,$1.07,0.1299,13.818%,544679895.00,Canada,,81576378,Basic Industries,Precious Metals
NAVB,Navidea Biopharmaceuticals Inc. Common Stock,$2.74,-0.06,-2.143%,73122923.00,United States,,189472,Health Care,Biotechnology: In Vitro & In Vivo Diagnostic Substances
NBA,New Beginnings Acquisition Corp. Common Stock,$10.64,0.04,0.377%,158748800.00,,2020,13733,Finance,Business Services
NBH,Neuberger Berman Municipal Fund Inc. Common Stock,$16.75,0.15,0.904%,315203108.00,United States,2002,15554,,
NBO,Neuberger Berman New York Municipal Fund Inc. Common Stock,$12.70,-0.04,-0.314%,64483196.00,United States,2002,1799,,
NBW,Neuberger Berman California Municipal Fund Inc Common Stock,$13.86,-0.01,-0.072%,76937470.00,United States,2002,4368,,
NBY,NovaBay Pharmaceuticals Inc. Common Stock,$1.2013,0.0113,0.95%,50193418.00,United States,2007,1526977,Health Care,Major Pharmaceuticals
NEN,New England Realty Associates Limited Partnership Class A Depositary Receipts Evidencing Units of Limited Partnership,$50.50,0.00,0.00%,184461148.00,United States,,7403,Consumer Services,Building operators
NES,Nuverra Environmental Solutions Inc. Common Stock,$3.18,-0.02,-0.625%,50156296.00,United States,2017,10443,Energy,Oilfield Services/Equipment
NG,Novagold Resources Inc.,$9.36,-0.12,-1.266%,3101161003.00,Canada,,229256,Basic Industries,Precious Metals
NGD,New Gold Inc.,$1.7788,-0.0212,-1.178%,1203180320.00,Canada,,2001869,Basic Industries,Precious Metals
NHC,National HealthCare Corporation Common Stock,$66.28,1.04,1.594%,1018026865.00,United States,,10057,Health Care,Hospital/Nursing Management
NHS,Neuberger Berman High Yield Strategies Fund,$12.30,0.01,0.081%,240349196.00,United States,,20952,,
NML,Neuberger Berman MLP and Energy Income Fund Inc. Common Stock,$3.905,0.015,0.386%,221253114.00,,2013,119353,,
NNVC,NanoViricides Inc. Common Stock,$5.02,-0.02,-0.397%,53538300.00,United States,,91995,Health Care,Major Pharmaceuticals
NOG,Northern Oil and Gas Inc. Common Stock,$12.17,-0.75,-5.805%,710824180.00,United States,,645912,,
NRO,Neuberger Berman Real Estate Securities Income Fund Inc. Neuberger Berman Real Estate Securities Income Fund Inc.,$4.355,0.015,0.346%,206515846.00,United States,2003,29538,,
NSPR,InspireMD Inc. Common Stock,$1.41,0.11,8.462%,142223238.00,Israel,,20055970,Health Care,Medical/Dental Instruments
NTIP,Network-1 Technologies Inc. Common Stock,$3.6798,-0.14,-3.665%,88436913.00,United States,,7034,Miscellaneous,Multi-Sector Companies
NTN,NTN Buzztime Inc. Common Stock,$4.8799,0.0899,1.877%,14475355.00,United States,,604653,Health Care,Major Pharmaceuticals
NXE,Nexgen Energy Ltd. Common Shares,$3.99,0.03,0.758%,1507063175.00,,,778756,Basic Industries,Precious Metals
OBLG,Oblong Inc. Common Stock,$5.38,0.03,0.561%,41687624.00,United States,,78384,Technology,Computer Software: Programming Data Processing
OCX,OncoCyte Corporation Common Stock,$5.69,-0.16,-2.735%,447585699.00,United States,2015,487815,Health Care,Biotechnology: In Vitro & In Vivo Diagnostic Substances
OGEN,Oragenics Inc. Common Stock,$1.39,-0.08,-5.442%,127556030.00,United States,,7734369,Health Care,Major Pharmaceuticals
ORLA,Orla Mining Ltd. Common Shares,$4.23,-0.14,-3.204%,968526180.00,,2020,57079,Basic Industries,Precious Metals
PCG^A,Pacific Gas & Electric Co. 6% Preferred Stock,$29.65,0.11,0.372%,,United States,,772,,
PCG^B,Pacific Gas & Electric Co. 5 1/2% Preferred Stock,$27.62,0.32,1.172%,,United States,,300,,
PCG^C,Pacific Gas & Electric Co. 5% 1st Preferred Stock,$25.02,-0.4548,-1.785%,,United States,,225,,
PCG^D,Pacific Gas & Electric Co. 5% 1st  Red. Preferred Stock,$25.50,0.00,0.00%,,United States,,50,,
PCG^E,Pacific Gas & Electric Co. 5% 1st A Preferred Stock,$24.90,-0.23,-0.915%,,United States,,192,,
PCG^G,Pacific Gas & Electric Co. 4.80% 1st Preferred Stock,$24.41,0.12,0.494%,,United States,,180,,
PCG^H,Pacific Gas & Electric Co. 4.50% 1st Preferred Stock,$23.2601,-0.9599,-3.963%,,United States,,300,,
PCG^I,Pacific Gas & Electric Co. 4.36% 1st Preferred Stock,$23.9699,0.9799,4.262%,,United States,,225,,
PED,Pedevco Corp. Common Stock,$1.86,-0.11,-5.584%,147792382.00,United States,,1235820,Energy,Oil & Gas Production
PHGE,BiomX Inc. COmmon Stock,$7.11,0.11,1.571%,165286540.00,,2019,12271,Health Care,Biotechnology: Biological Products (No Diagnostic Substances)
PLAG,Planet Green Holdings Corp. Common Stock,$3.1837,-0.0763,-2.34%,50709225.00,China,,176819,Consumer Non-Durables,Packaged Foods
PLG,Platinum Group Metals Ltd. Ordinary Shares (Canada),$5.0199,-0.0101,-0.201%,362485855.00,Canada,,838918,Basic Industries,Precious Metals
PLM,Polymet Mining Corporation Ordinary Shares (Canada),$4.2402,-0.0398,-0.93%,426986936.00,Canada,,301765,Basic Industries,Precious Metals
PLX,Protalix BioTherapeutics Inc. (DE) Common Stock,$5.60,-0.15,-2.609%,186685570.00,Israel,,647064,Health Care,Biotechnology: Biological Products (No Diagnostic Substances)
PLYM^A,Plymouth Industrial REIT Inc. 7.50% Series A Cumulative Redeemable Preferred Stock,$26.6576,0.4216,1.607%,,United States,,733,,
PRK,Park National Corporation Common Stock,$117.4595,-1.2305,-1.037%,2070007914.00,United States,,12541,Finance,Major Banks
PTK,PTK Acquisition Corp. Common Stock,$10.39,-0.058,-0.555%,149356250.00,United States,2020,1035,Finance,Business Services
PTN,Palatin Technologies Inc. Common Stock,$1.195,-0.055,-4.40%,274732062.00,United States,,4898462,Health Care,Major Pharmaceuticals
PW,Power REIT (MD) Common Stock,$35.755,1.755,5.162%,68511550.00,United States,,27644,Consumer Services,Real Estate Investment Trusts
PW^A,Power REIT 7.75% Series A Cumulative Perpetual Preferred Stock,$25.8301,-0.1699,-0.653%,,United States,,777,,
PZG,Paramount Gold Nevada Corp. Common Stock,$1.22,-0.05,-3.937%,44196386.00,United States,2015,272505,Basic Industries,Precious Metals
RCG,RENN Fund Inc Common Stock,$2.2638,0.1138,5.293%,13474038.00,United States,,4590,,
REI,Ring Energy Inc. Common Stock,$2.0295,-0.1105,-5.164%,165746424.00,United States,,4705781,Energy,Oil & Gas Production
RHE,Regional Health Properties Inc. Common Stock,$6.54,0.17,2.669%,11040952.00,,2017,64874,Consumer Services,Real Estate
RHE^A,Regional Health Properties Inc. 10.875% Series A Cumulative Redeemable Preferred Stock,$2.80,-0.08,-2.778%,,,,2656,,
RLGT,Radiant Logistics Inc. Common Stock,$7.36,-0.04,-0.541%,365645293.00,United States,,130105,Transportation,Oil Refining/Marketing
RMED,Ra Medical Systems Inc. Common Stock,$8.385,0.285,3.519%,27029651.00,,2018,55047,Health Care,Medical/Dental Instruments
RVP,Retractable Technologies Inc. Common Stock,$17.43,0.19,1.102%,589423408.00,United States,,794069,Health Care,Medical/Dental Instruments
SACC,Sachem Capital Corp. 6.875% Notes due 2024,$25.30,0.0501,0.198%,0.00,United States,2019,4114,Consumer Services,Real Estate Investment Trusts
SACH,Sachem Capital Corp. Common Shares,$4.71,0.03,0.641%,104207813.00,United States,2017,72585,Consumer Services,Real Estate Investment Trusts
SCCB,Sachem Capital Corp. 7.125% Notes due 2024,$26.0245,0.0045,0.017%,0.00,United States,2019,1249,Consumer Services,Real Estate Investment Trusts
SCCC,Sachem Capital Corp. 7.75% Notes due 2025,$25.59,0.00,0.00%,0.00,United States,2020,4689,Consumer Services,Real Estate Investment Trusts
SDPI,Superior Drilling Products Inc. Common Stock,$1.23,0.08,6.957%,31509508.00,,2014,773349,Energy,Metal Fabrications
SEB,Seaboard Corporation Common Stock,$3187.0001,-25.2499,-0.786%,3699402789.00,United States,1996,249,Consumer Services,Farming/Seeds/Milling
SENS,Senseonics Holdings Inc. Common Stock,$3.8399,0.0199,0.521%,1326327840.00,United States,,13791904,Capital Goods,Industrial Machinery/Components
SIF,SIFCO Industries Inc. Common Stock,$9.41,0.09,0.966%,56076345.00,United States,,7019,Capital Goods,Aerospace
SILV,SilverCrest Metals Inc. Common Shares,$10.0299,0.1299,1.312%,1296210425.00,,2018,297156,Basic Industries,Precious Metals
SIM,Grupo Simec S.A.B. de C.V. American Depositary Shares,$12.8534,-1.3865,-9.737%,1985098852.00,Mexico,1993,941,Basic Industries,Steel/Iron Ore
SMTS,Sierra Metals Inc. Common Stock,$3.4413,0.0713,2.116%,560243640.00,,,205182,Basic Industries,Precious Metals
SNMP,Sanchez Midstream Partners LP Common Stock,$1.435,-0.045,-3.041%,60598255.00,United States,,463464,Energy,Oil & Gas Production
SSY,SunLink Health Systems Inc. Common Stock,$2.03,-0.01,-0.49%,14005622.00,United States,,149672,Health Care,Hospital/Nursing Management
STXS,Stereotaxis Inc. Common Stock,$5.77,0.24,4.34%,425166079.00,United States,,236370,Health Care,Biotechnology: Electromedical & Electrotherapeutic Apparatus
SVM,Silvercorp Metals Inc. Common Shares,$6.18,0.00,0.00%,1083713750.00,,,454993,Basic Industries,Precious Metals
SVT,Servotronics Inc. Common Stock,$9.1987,0.0587,0.642%,22890293.00,United States,,471,Capital Goods,Industrial Machinery/Components
SYN,Synthetic Biologics Inc. Common Stock,$1.09,0.07,6.863%,72936071.00,United States,,15614581,Health Care,Major Pharmaceuticals
TGB,Taseko Mines Ltd. Common Stock,$1.5711,0.0311,2.019%,438658011.00,Canada,,977765,Basic Industries,Precious Metals
TGC,Tengasco Inc. Common Stock,$4.0533,-0.9967,-19.737%,43309681.00,United States,,6184949,Energy,Oil & Gas Production
THM,International Tower Hill Mines Ltd. Ordinary Shares (Canada),$1.39,-0.01,-0.714%,270922376.00,Canada,,182623,Basic Industries,Precious Metals
TKAT,Takung Art Co. Ltd. Common Stock,$2.80,0.025,0.901%,31559861.00,,,20228,Consumer Services,Other Specialty Stores
TMBR,Timber Pharmaceuticals Inc. Common Stock,$2.1381,0.2581,13.729%,25334413.00,United States,2015,14784842,Health Care,Major Pharmaceuticals
TMP,Tompkins Financial Corporation Common Stock,$76.06,0.38,0.502%,1128695412.00,United States,,6554,Finance,Major Banks
TMQ,Trilogy Metals Inc. Common Stock,$2.33,0.01,0.431%,333199735.00,Canada,,259293,Basic Industries,Precious Metals
TPHS,Trinity Place Holdings Inc. Common Stock,$2.23,-0.02,-0.889%,71743799.00,,,28270,Consumer Services,Building operators
TRT,Trio-Tech International Common Stock,$5.15,0.09,1.779%,19109358.00,United States,,11020,Technology,Industrial Machinery/Components
TRX,Tanzanian Gold Corporation Common Stock,$1.0199,0.1355,15.321%,213333767.00,Canada,,29428249,Basic Industries,Precious Metals
TRXC,TransEnterix Inc. Common Stock,$5.975,-0.345,-5.459%,1051579900.00,United States,,19659317,Health Care,Medical/Dental Instruments
UAMY,United States Antimony Corporation Common Stock,$1.645,-0.135,-7.584%,125859115.00,United States,,26255748,Capital Goods,Metal Fabrications
UAVS,AgEagle Aerial Systems Inc. Common Stock,$14.559,-1.131,-7.208%,856092101.00,United States,,3817705,Capital Goods,Aerospace
UEC,Uranium Energy Corp. Common Stock,$2.2111,0.0411,1.894%,440139149.00,Canada,,2708077,Basic Industries,Precious Metals
UFAB,Unique Fabricating Inc. Common Stock,$6.95,-0.23,-3.203%,67965072.00,United States,2015,4224,Capital Goods,Auto Parts:O.E.M.
URG,Ur Energy Inc Common Shares (Canada),$1.137,0.007,0.619%,212162156.00,Canada,,3478511,Basic Industries,Precious Metals
USAS,Americas Gold and Silver Corporation Common Shares no par value,$2.73,0.04,1.487%,350391555.00,,2017,566608,Basic Industries,Precious Metals
UTG,Reaves Utility Income Fund Common Shares of Beneficial Interest,$32.8152,-0.1148,-0.349%,1769932309.00,United States,2004,68869,,
UUU,Universal Security Instruments Inc. Common Stock,$10.2159,-0.8841,-7.965%,23628222.00,United States,,129082,Technology,Electronic Components
UUUU,Energy Fuels Inc Ordinary Shares (Canada),$5.85,0.45,8.333%,785599320.00,,,3972787,Basic Industries,Mining & Quarrying of Nonmetallic Minerals (No Fuels)
VCF,Delaware Investments Colorado Municipal Income Fund Inc  Common Stock,$14.6678,0.2178,1.507%,70949615.00,United States,1993,2424,,
VFL,Delaware Investments National Municipal Income Fund Common Stock,$13.5001,0.00,0.00%,61134433.00,United States,1993,11,,
VGZ,Vista Gold Corp Common Stock,$1.05,-0.01,-0.943%,107818939.00,United States,,566869,Basic Industries,Precious Metals
VHAQ,Viveon Health Acquisition Corp. Common Stock,$10.14,0.01,0.099%,255084375.00,,2021,6992,Finance,Business Services
VKI,Invesco Advantage Municipal Income Trust II Common Shares of Beneficial Interest (DE),$11.71,-0.07,-0.594%,519825062.00,United States,,17651,,
VMM,Delaware Investments Minnesota Municipal Income Fund II Inc. Common Stock,$13.4398,0.0398,0.297%,154624563.00,United States,1993,4869,,
VNRX,VolitionRX Limited Common Stock,$5.2204,0.0104,0.20%,255359134.00,Singapore,2015,257885,Health Care,Biotechnology: In Vitro & In Vivo Diagnostic Substances
VOLT,Volt Information Sciences Inc. Common Stock,$3.22,0.15,4.886%,69991772.00,United States,,310688,Technology,Professional Services
WRN,Western Copper and Gold Corporation Common Stock,$1.42,0.02,1.429%,192548642.00,Canada,2011,1043669,Basic Industries,Precious Metals
WTT,Wireless Telecom Group  Inc. Common Stock,$2.5832,0.1232,5.008%,56042550.00,United States,,115312,Capital Goods,Telecommunications Equipment
WYY,WidePoint Corporation Common Stock,$13.0901,0.2901,2.266%,110725674.00,United States,,39662,Technology,EDP Services
XPL,Solitario Zinc Corp. Common Stock,$1.0089,0.0089,0.89%,58625530.00,United States,,2722484,Basic Industries,Precious Metals
XTNT,Xtant Medical Holdings Inc. Common Stock,$1.8606,-0.1294,-6.503%,143007640.00,United States,,160431,Health Care,Biotechnology: Biological Products (No Diagnostic Substances)
XXII,22nd Century Group Inc. Common Stock,$3.63,0.16,4.611%,504058871.00,United States,,2364342,Consumer Non-Durables,Farming/Seeds/Milling
YCBD,cbdMD Inc. Common Stock,$5.175,-1.115,-17.727%,269777252.00,United States,2017,1729069,Consumer Non-Durables,Package Goods/Cosmetics
YCBD^A,cbdMD Inc. 8.0% Series A Cumulative Convertible Preferred Stock,$10.15,-0.35,-3.333%,,United States,,44996,,
ZDGE,Zedge Inc. Class B Common Stock ,$13.765,0.695,5.318%,172389928.00,,2016,232029,Technology,Computer Software: Prepackaged Software
ZOM,Zomedica Corp. Common Shares,$2.695,0.145,5.686%,2268839782.00,United States,2017,111102648,Health Care,Major Pharmaceuticals